Spotify URI,Track Name,Artist Name,Album Name,Disc Number,Track Number,Track Duration (ms),Added By,Added At
"spotify:track:6XDFFeinPXgy3auyC7huoC","Intro","M83","Hurry Up, We're Dreaming","1","1","322760","spotify:user:mmccaff","2015-12-31T21:05:42Z"
"spotify:track:1eyzqe2QqGZUmfcPZtrIyt","Midnight City","M83","Hurry Up, We're Dreaming","1","2","241440","spotify:user:mmccaff","2015-12-31T21:05:42Z"
"spotify:track:7zZkPiqHnL7icGGb4Almf6","Reunion","M83","Hurry Up, We're Dreaming","1","3","235374","spotify:user:mmccaff","2015-12-31T21:05:42Z"
"spotify:track:5cF3UVkFX8k9WZP4TyscYi","Where The Boats Go","M83","Hurry Up, We're Dreaming","1","4","106213","spotify:user:mmccaff","2015-12-31T21:05:42Z"
"spotify:track:3rTnGUeDrnZV22DvRuUuXr","Wait","M83","Hurry Up, We're Dreaming","1","5","343253","spotify:user:mmccaff","2015-12-31T21:05:42Z"
"spotify:track:0SeMmdPt7Ksu1fIAgnPIOG","Raconte-Moi Une Histoire","M83","Hurry Up, We're Dreaming","1","6","244093","spotify:user:mmccaff","2015-12-31T21:05:42Z"
"spotify:track:5ovJD4orq3aCbJnQHMwKmt","Train To Pluton","M83","Hurry Up, We're Dreaming","1","7","75586","spotify:user:mmccaff","2015-12-31T21:05:42Z"
"spotify:track:2OYMcth0dXHv5qcoli4HPv","Claudia Lewis","M83","Hurry Up, We're Dreaming","1","8","271720","spotify:user:mmccaff","2015-12-31T21:05:42Z"
"spotify:track:1oesncxikaS73FcSGECZep","This Bright Flash","M83","Hurry Up, We're Dreaming","1","9","141413","spotify:user:mmccaff","2015-12-31T21:05:42Z"
"spotify:track:0ILPnIuTZ2TJ8pbYxmOHzF","When Will You Come Home?","M83","Hurry Up, We're Dreaming","1","10","83600","spotify:user:mmccaff","2015-12-31T21:05:42Z"
"spotify:track:11GXRfMCSD2wdwgEXXEEc4","Soon, My Friend","M83","Hurry Up, We're Dreaming","1","11","189293","spotify:user:mmccaff","2015-12-31T21:05:42Z"
"spotify:track:1Fwj0wThn3kTg8D7KgWdsU","My Tears Are Becoming A Sea","M83","Hurry Up, We're Dreaming","2","1","151826","spotify:user:mmccaff","2015-12-31T21:05:42Z"
"spotify:track:6GdbwI8ytDROXDv1G7p34o","New Map","M83","Hurry Up, We're Dreaming","2","2","262746","spotify:user:mmccaff","2015-12-31T21:05:42Z"
"spotify:track:0xAOmpRlrqsr0afkC3NzVU","Ok Pal","M83","Hurry Up, We're Dreaming","2","3","238120","spotify:user:mmccaff","2015-12-31T21:05:42Z"
"spotify:track:1XVO06yjToSOSTTaL6YqV5","Another Wave From You","M83","Hurry Up, We're Dreaming","2","4","113773","spotify:user:mmccaff","2015-12-31T21:05:42Z"
"spotify:track:0NOQxyVgo8javoH9H4wvU7","Splendor","M83","Hurry Up, We're Dreaming","2","5","307586","spotify:user:mmccaff","2015-12-31T21:05:42Z"
"spotify:track:6QOfkcfdrEZ2nwi5R9KJTK","Year One, One Ufo","M83","Hurry Up, We're Dreaming","2","6","197693","spotify:user:mmccaff","2015-12-31T21:05:42Z"
"spotify:track:4S1TcxIV42zhABqofPxsvN","Fountains","M83","Hurry Up, We're Dreaming","2","7","81640","spotify:user:mmccaff","2015-12-31T21:05:42Z"
"spotify:track:5iXWkUMZYRZADokxXnniYt","Steve McQueen","M83","Hurry Up, We're Dreaming","2","8","228760","spotify:user:mmccaff","2015-12-31T21:05:42Z"
"spotify:track:5jWvCQXM7plS3T9FAAeBCR","Echoes Of Mine","M83","Hurry Up, We're Dreaming","2","9","219666","spotify:user:mmccaff","2015-12-31T21:05:42Z"
"spotify:track:4XeX53Xs0zZRLGwIm45aDf","Klaus I Love You","M83","Hurry Up, We're Dreaming","2","10","104533","spotify:user:mmccaff","2015-12-31T21:05:42Z"
"spotify:track:2QVmiA93GVhWNTWQctyY1K","Outro","M83","Hurry Up, We're Dreaming","2","11","247026","spotify:user:mmccaff","2015-12-31T21:05:42Z"
"spotify:track:6ZrlXT6mUMEgomN128iekU","Lisztomania","Phoenix","Wolfgang Amadeus Phoenix","1","1","241640","spotify:user:mmccaff","2015-12-31T21:06:36Z"
"spotify:track:5JtPGzRgrWxkXX9LoROq3d","1901","Phoenix","Wolfgang Amadeus Phoenix","1","2","193106","spotify:user:mmccaff","2015-12-31T21:06:36Z"
"spotify:track:61sSJHLos9i5TPwaqGNxCz","Fences","Phoenix","Wolfgang Amadeus Phoenix","1","3","224973","spotify:user:mmccaff","2015-12-31T21:06:36Z"
"spotify:track:14htesVyDv7fNIrW4McQ0X","Love Like a Sunset Part I","Phoenix","Wolfgang Amadeus Phoenix","1","4","338546","spotify:user:mmccaff","2015-12-31T21:06:36Z"
"spotify:track:474O0qw2zPc4k51oZc72iX","Love Like a Sunset Part II","Phoenix","Wolfgang Amadeus Phoenix","1","5","116720","spotify:user:mmccaff","2015-12-31T21:06:36Z"
"spotify:track:7GUVaGNiu11HXN2aqF6Rir","Lasso","Phoenix","Wolfgang Amadeus Phoenix","1","6","167840","spotify:user:mmccaff","2015-12-31T21:06:36Z"
"spotify:track:1jIvxe4pkZDvsyP9lfcwYX","Rome","Phoenix","Wolfgang Amadeus Phoenix","1","7","278080","spotify:user:mmccaff","2015-12-31T21:06:36Z"
"spotify:track:6Nhw01s7PmqAqCl0ca8Fwg","Countdown","Phoenix","Wolfgang Amadeus Phoenix","1","8","237093","spotify:user:mmccaff","2015-12-31T21:06:36Z"
"spotify:track:3XNXnjEct81xIRjtGPP3NJ","Girlfriend","Phoenix","Wolfgang Amadeus Phoenix","1","9","204106","spotify:user:mmccaff","2015-12-31T21:06:36Z"
"spotify:track:2BW8xmYgAXFOzULQRNxiNh","Armistice","Phoenix","Wolfgang Amadeus Phoenix","1","10","185106","spotify:user:mmccaff","2015-12-31T21:06:36Z"
"spotify:track:5cwN1htZyoWqZCc33f3RfE","The High Road","Broken Bells","Broken Bells","1","1","232200","spotify:user:mmccaff","2015-12-31T21:06:48Z"
"spotify:track:4EKKyep9jT8u5WpLC1qLrL","Vaporize","Broken Bells","Broken Bells","1","2","209200","spotify:user:mmccaff","2015-12-31T21:06:48Z"
"spotify:track:6BIzzDdmzpQujSTAAkuPtG","Your Head Is On Fire","Broken Bells","Broken Bells","1","3","182026","spotify:user:mmccaff","2015-12-31T21:06:48Z"
"spotify:track:32fmQsWSAaDas2MJRyMSGG","The Ghost Inside","Broken Bells","Broken Bells","1","4","198040","spotify:user:mmccaff","2015-12-31T21:06:48Z"
"spotify:track:1m2K0sPmwlktrmsqfSCsvb","Sailing to Nowhere","Broken Bells","Broken Bells","1","5","226066","spotify:user:mmccaff","2015-12-31T21:06:48Z"
"spotify:track:4WvfcU7QCkI49HjUQckTqA","Trap Doors","Broken Bells","Broken Bells","1","6","199160","spotify:user:mmccaff","2015-12-31T21:06:48Z"
"spotify:track:2OezgBTkkaMfwfCYCBzMip","Citizen","Broken Bells","Broken Bells","1","7","269293","spotify:user:mmccaff","2015-12-31T21:06:48Z"
"spotify:track:09zDgbs5NQH1kKFXHppYhr","October","Broken Bells","Broken Bells","1","8","218106","spotify:user:mmccaff","2015-12-31T21:06:48Z"
"spotify:track:6bfhBRsQyP5bIxoInk9wx0","Mongrel Heart","Broken Bells","Broken Bells","1","9","263693","spotify:user:mmccaff","2015-12-31T21:06:48Z"
"spotify:track:2ZgJ3fxDrGSi3VKe84YDAe","The Mall & Misery","Broken Bells","Broken Bells","1","10","246973","spotify:user:mmccaff","2015-12-31T21:06:48Z"
"spotify:track:01ESWLS95ZDUPPBY05DH0P","Everyday","Yo La Tengo","And Then Nothing Turned Itself Inside-Out","1","1","391933","spotify:user:mmccaff","2015-12-31T21:07:15Z"
"spotify:track:6Cp1LNb26iMtPT7JTtEZyD","Our Way to Fall","Yo La Tengo","And Then Nothing Turned Itself Inside-Out","1","2","258426","spotify:user:mmccaff","2015-12-31T21:07:15Z"
"spotify:track:1s5yDRzX5gcECe2T1y9fCe","Saturday","Yo La Tengo","And Then Nothing Turned Itself Inside-Out","1","3","258266","spotify:user:mmccaff","2015-12-31T21:07:15Z"
"spotify:track:6xEBQquRuqVrIcOm0uyYPA","Let's Save Tony Orlando's House","Yo La Tengo","And Then Nothing Turned Itself Inside-Out","1","4","299333","spotify:user:mmccaff","2015-12-31T21:07:15Z"
"spotify:track:3W7vMJcNjOPXpHcsUOtDVt","Last Days of Disco","Yo La Tengo","And Then Nothing Turned Itself Inside-Out","1","5","388066","spotify:user:mmccaff","2015-12-31T21:07:15Z"
"spotify:track:5xne48NPEBgonH7PD5Y9P1","The Crying of Lot G","Yo La Tengo","And Then Nothing Turned Itself Inside-Out","1","6","284933","spotify:user:mmccaff","2015-12-31T21:07:15Z"
"spotify:track:4GrfClvQgCVLsCfqw7YthQ","You Can Have It All","Yo La Tengo","And Then Nothing Turned Itself Inside-Out","1","7","276640","spotify:user:mmccaff","2015-12-31T21:07:15Z"
"spotify:track:3Jy2YYu8hChcsjAbL84O2f","Tears Are in Your Eyes","Yo La Tengo","And Then Nothing Turned Itself Inside-Out","1","8","275160","spotify:user:mmccaff","2015-12-31T21:07:15Z"
"spotify:track:3TYWPgtvkkD5xvzaWdhFUd","Cherry Chapstick","Yo La Tengo","And Then Nothing Turned Itself Inside-Out","1","9","371706","spotify:user:mmccaff","2015-12-31T21:07:15Z"
"spotify:track:4rsX2UWEUE7k0xJHICp0He","From Black to Blue","Yo La Tengo","And Then Nothing Turned Itself Inside-Out","1","10","287333","spotify:user:mmccaff","2015-12-31T21:07:15Z"
"spotify:track:0tEhPcMvl0iONW6px34aN5","Madeline","Yo La Tengo","And Then Nothing Turned Itself Inside-Out","1","11","215960","spotify:user:mmccaff","2015-12-31T21:07:15Z"
"spotify:track:07hBbpMMECq3bDpMw7vBty","Tired Hippo","Yo La Tengo","And Then Nothing Turned Itself Inside-Out","1","12","286906","spotify:user:mmccaff","2015-12-31T21:07:15Z"
"spotify:track:0PUlcWxl8HMcWfgPiu7TN0","Night Falls on Hoboken","Yo La Tengo","And Then Nothing Turned Itself Inside-Out","1","13","1062026","spotify:user:mmccaff","2015-12-31T21:07:15Z"
"spotify:track:0GgzhgyDVyo3bjc6OnASFN","Reunion","Stars","Set Yourself On Fire","1","4","221853","spotify:user:mmccaff","2015-12-31T21:08:11Z"
"spotify:track:5ZkwxsVlsW9B52w490QXdt","The Ghost of Genova Heights","Stars","In Our Bedroom After the War","1","6","275600","spotify:user:mmccaff","2015-12-31T21:08:38Z"
"spotify:track:6duiokdiw9dEJe7PEgK30h","Honey White","Morphine","Yes","1","1","186466","spotify:user:mmccaff","2015-12-31T21:10:11Z"
"spotify:track:5MoCFV3KtNZWGiOseEoNDB","Scratch","Morphine","Yes","1","2","193866","spotify:user:mmccaff","2015-12-31T21:10:11Z"
"spotify:track:5mpGhnhI18k7ls12GUbZj8","Radar","Morphine","Yes","1","3","208160","spotify:user:mmccaff","2015-12-31T21:10:11Z"
"spotify:track:3sVFoJDU2ubr3bDRXfbglE","Whisper","Morphine","Yes","1","4","208800","spotify:user:mmccaff","2015-12-31T21:10:11Z"
"spotify:track:6de5OXZwRUdWEl54Nf1wU3","Yes","Morphine","Yes","1","5","120706","spotify:user:mmccaff","2015-12-31T21:10:11Z"
"spotify:track:0IAWsdtA1sdFuDKTtqYUiu","All Your Way","Morphine","Yes","1","6","184000","spotify:user:mmccaff","2015-12-31T21:10:11Z"
"spotify:track:6xqtFBoLdK2r3bBixZgega","Super Sex","Morphine","Yes","1","7","233533","spotify:user:mmccaff","2015-12-31T21:10:11Z"
"spotify:track:2CqoZ1H5FOyT26LDhM3I2m","I Had My Chance","Morphine","Yes","1","8","185533","spotify:user:mmccaff","2015-12-31T21:10:11Z"
"spotify:track:6q71nL6bSeaFztUPT5Flsr","The Jury","Morphine","Yes","1","9","127933","spotify:user:mmccaff","2015-12-31T21:10:11Z"
"spotify:track:3xoIeOo0toTemEFjwrzVbT","Sharks","Morphine","Yes","1","10","142933","spotify:user:mmccaff","2015-12-31T21:10:11Z"
"spotify:track:6qR07dbED3ZVvKwfAjUHp4","Free Love","Morphine","Yes","1","11","254626","spotify:user:mmccaff","2015-12-31T21:10:11Z"
"spotify:track:4gWx2FLSKw9ir0oo31mcWr","Gone For Good","Morphine","Yes","1","12","172706","spotify:user:mmccaff","2015-12-31T21:10:11Z"
"spotify:track:6Te9dWPvMfjPAOFDQDVt0b","Sheila Take A Bow - 2011 Remastered Version","The Smiths","Louder Than Bombs","1","2","162240","spotify:user:mmccaff","2015-12-31T21:10:58Z"
"spotify:track:6a6zCBKwuZPO9S0rVJLVDI","Shoplifters Of The World Unite - 2011 Remastered Version","The Smiths","Louder Than Bombs","1","3","178440","spotify:user:mmccaff","2015-12-31T21:11:01Z"
"spotify:track:0UFQE2kic1X8iwC4A25ghj","London - 2011 Remastered Version","The Smiths","Louder Than Bombs","1","6","127013","spotify:user:mmccaff","2015-12-31T21:11:05Z"
"spotify:track:64D3dzWyj0GpQT1AHx4kbK","Panic (2011 Remastered Version)","The Smiths","Louder Than Bombs","1","7","140506","spotify:user:mmccaff","2015-12-31T21:11:09Z"
"spotify:track:4mYpkmfY0ycWAU3GTKGmRa","Shakespeare's Sister - 2011 Remastered Version","The Smiths","Louder Than Bombs","1","9","128960","spotify:user:mmccaff","2015-12-31T21:11:13Z"
"spotify:track:1H5N26VqHR4JhuaRKY2I0u","Heaven Knows I'm Miserable Now - 2011 Remastered Version","The Smiths","Louder Than Bombs","1","12","215760","spotify:user:mmccaff","2015-12-31T21:11:17Z"
"spotify:track:0Hpm3tUmlaQs2l517D5GAh","Stretch Out And Wait - 2011 Remastered Version Original Version","The Smiths","Louder Than Bombs","1","20","159933","spotify:user:mmccaff","2015-12-31T21:11:23Z"
"spotify:track:2t8GBp5kQEXVamVq4Odwe2","Psycho Killer - Live","Talking Heads","Stop Making Sense","1","1","264933","spotify:user:mmccaff","2015-12-31T21:11:59Z"
"spotify:track:3L9NsP191RY35x0UxlgajR","Burning Down The House - Live","Talking Heads","Stop Making Sense","1","6","246306","spotify:user:mmccaff","2015-12-31T21:12:06Z"
"spotify:track:2OV8b287kQD4KxIuEGZ6zg","Here Sometimes","Blonde Redhead","Penny Sparkle","1","1","283066","spotify:user:mmccaff","2015-12-31T21:12:44Z"
"spotify:track:5sbZvfNDqcKeGduPSYy1TE","Not Getting There","Blonde Redhead","Penny Sparkle","1","2","166186","spotify:user:mmccaff","2015-12-31T21:12:44Z"
"spotify:track:0bpaftncAxLJZcp982HSMs","Will There Be Stars","Blonde Redhead","Penny Sparkle","1","3","267253","spotify:user:mmccaff","2015-12-31T21:12:44Z"
"spotify:track:2fRKleoUjZ82ww4rq2Ur2g","My Plants Are Dead","Blonde Redhead","Penny Sparkle","1","4","257786","spotify:user:mmccaff","2015-12-31T21:12:44Z"
"spotify:track:2Bf1KBhI3ldROVtV9eter6","Love Or Prison","Blonde Redhead","Penny Sparkle","1","5","373053","spotify:user:mmccaff","2015-12-31T21:12:44Z"
"spotify:track:5O7R87lyJByLN7drSzPb6v","Oslo","Blonde Redhead","Penny Sparkle","1","6","234013","spotify:user:mmccaff","2015-12-31T21:12:44Z"
"spotify:track:5qXUD2BokQnrXcyomVbRrl","Penny Sparkle","Blonde Redhead","Penny Sparkle","1","7","273600","spotify:user:mmccaff","2015-12-31T21:12:44Z"
"spotify:track:7qp4fwZ7lgFxmMKl1CZ2a0","Everything Is Wrong","Blonde Redhead","Penny Sparkle","1","8","169133","spotify:user:mmccaff","2015-12-31T21:12:44Z"
"spotify:track:5jFiMxozGIgfwdF9h1RGRi","Black Guitar","Blonde Redhead","Penny Sparkle","1","9","319626","spotify:user:mmccaff","2015-12-31T21:12:44Z"
"spotify:track:17P6YRduXJRtTw4ocH0AMm","Spain","Blonde Redhead","Penny Sparkle","1","10","295800","spotify:user:mmccaff","2015-12-31T21:12:44Z"
"spotify:track:0wsPqivtPlVya5o7Q21j8u","WTF?","OK Go","Of the Blue Colour of the Sky","1","1","204533","spotify:user:mmccaff","2015-12-31T21:13:13Z"
"spotify:track:3l9eeEd5NABrvYRzXIVqwK","This Too Shall Pass","OK Go","Of the Blue Colour of the Sky","1","2","188120","spotify:user:mmccaff","2015-12-31T21:13:13Z"
"spotify:track:4NLggGzf6jqmlEWanWb22L","All Is Not Lost","OK Go","Of the Blue Colour of the Sky","1","3","163520","spotify:user:mmccaff","2015-12-31T21:13:13Z"
"spotify:track:5L3kSqirfUPmpmJeBR2Juu","Needing/Getting","OK Go","Of the Blue Colour of the Sky","1","4","313760","spotify:user:mmccaff","2015-12-31T21:13:13Z"
"spotify:track:6cvYbLD29G5YpJRLKTWmCa","Skyscrapers","OK Go","Of the Blue Colour of the Sky","1","5","278173","spotify:user:mmccaff","2015-12-31T21:13:13Z"
"spotify:track:5cYJ1vLxc9zhcGvAPWm2ff","White Knuckles","OK Go","Of the Blue Colour of the Sky","1","6","198520","spotify:user:mmccaff","2015-12-31T21:13:13Z"
"spotify:track:5PMv3v1Yan26SDTriLOgnE","I Want You So Bad I Can't Breathe","OK Go","Of the Blue Colour of the Sky","1","7","202693","spotify:user:mmccaff","2015-12-31T21:13:13Z"
"spotify:track:4lOzxvpRTMqYJSmK3luUyi","End Love","OK Go","Of the Blue Colour of the Sky","1","8","245080","spotify:user:mmccaff","2015-12-31T21:13:13Z"
"spotify:track:3JwEJhH9vjFvqkWGSbF9tC","Before The Earth Was Round","OK Go","Of the Blue Colour of the Sky","1","9","249466","spotify:user:mmccaff","2015-12-31T21:13:13Z"
"spotify:track:07sfSXFkffAH1wsWWyhfm4","Last Leaf","OK Go","Of the Blue Colour of the Sky","1","10","153973","spotify:user:mmccaff","2015-12-31T21:13:13Z"
"spotify:track:7tdB5fhfsvuvRK17DHhdc6","Back From Kathmandu","OK Go","Of the Blue Colour of the Sky","1","11","252960","spotify:user:mmccaff","2015-12-31T21:13:13Z"
"spotify:track:7JL2k1qPctTaeKFmYFVfq4","While You Were Asleep","OK Go","Of the Blue Colour of the Sky","1","12","264573","spotify:user:mmccaff","2015-12-31T21:13:13Z"
"spotify:track:3almGbhbgnQvXPLWp9x0TY","In The Glass","OK Go","Of the Blue Colour of the Sky","1","13","363600","spotify:user:mmccaff","2015-12-31T21:13:13Z"
"spotify:track:6dux5viG3Ku3IefPx3gFNT","Dog Days Are Over","Florence + The Machine","Between Two Lungs","1","1","252818","spotify:user:mmccaff","2015-12-31T21:13:48Z"
"spotify:track:0AXtUwPpFDkNLcOzNZH4ir","Rabbit Heart (Raise It Up)","Florence + The Machine","Between Two Lungs","1","2","232360","spotify:user:mmccaff","2015-12-31T21:13:48Z"
"spotify:track:6tJMIjBBcEazLFSGruQUUF","I'm Not Calling You A Liar","Florence + The Machine","Between Two Lungs","1","3","185333","spotify:user:mmccaff","2015-12-31T21:13:48Z"
"spotify:track:3nJ6xdyRRu9bcm46gguRcU","Howl","Florence + The Machine","Between Two Lungs","1","4","214053","spotify:user:mmccaff","2015-12-31T21:13:48Z"
"spotify:track:6rXh7I5h1KU27v2QfMYnhM","Kiss With A Fist","Florence + The Machine","Between Two Lungs","1","5","124240","spotify:user:mmccaff","2015-12-31T21:13:48Z"
"spotify:track:5TPQ8OjeTBLztJEHhJ5RLe","Girl With One Eye","Florence + The Machine","Between Two Lungs","1","6","218613","spotify:user:mmccaff","2015-12-31T21:13:48Z"
"spotify:track:2z2yJzK7W1Zsz8aL40toGS","Drumming Song","Florence + The Machine","Between Two Lungs","1","7","223826","spotify:user:mmccaff","2015-12-31T21:13:48Z"
"spotify:track:3AtNzpuCrPE1S6ToKhpTFe","Between Two Lungs","Florence + The Machine","Between Two Lungs","1","8","249240","spotify:user:mmccaff","2015-12-31T21:13:48Z"
"spotify:track:0vJNVMuk5BfCo3TPJOv0rP","Cosmic Love","Florence + The Machine","Between Two Lungs","1","9","255906","spotify:user:mmccaff","2015-12-31T21:13:48Z"
"spotify:track:7FYbmmQMY99liUDHwEzyuc","My Boy Builds Coffins","Florence + The Machine","Between Two Lungs","1","10","176733","spotify:user:mmccaff","2015-12-31T21:13:48Z"
"spotify:track:4obTOJfmKz75gZdnXAwzxw","Hurricane Drunk","Florence + The Machine","Between Two Lungs","1","11","193346","spotify:user:mmccaff","2015-12-31T21:13:48Z"
"spotify:track:7yZRT0QNCWVj0xXbnKJnXW","Blinding","Florence + The Machine","Between Two Lungs","1","12","280066","spotify:user:mmccaff","2015-12-31T21:13:48Z"
"spotify:track:3GNDBGICWkYOz6sUkZEBhQ","You've Got The Love","Florence + The Machine","Between Two Lungs","1","13","168666","spotify:user:mmccaff","2015-12-31T21:13:48Z"
"spotify:track:3svizT5TsRqDffORHCmwKn","Heavy In Your Arms","Florence + The Machine","Between Two Lungs","1","14","287240","spotify:user:mmccaff","2015-12-31T21:13:48Z"
"spotify:track:2eovlgeUHNixXIKLT8u8rj","You've Got The Dirtee Love - Live At The Brit Awards / 2010","Florence + The Machine, Dizzee Rascal","Between Two Lungs","1","15","221066","spotify:user:mmccaff","2015-12-31T21:13:48Z"
"spotify:track:3JEjMeNnJyQSCg0GXyqdSp","Hurricane Drunk - Horrors Remix","Florence + The Machine","Between Two Lungs","1","16","345906","spotify:user:mmccaff","2015-12-31T21:13:48Z"
"spotify:track:3dJGO9sEp5zcaL2V5tb261","Strangeness And Charm - Live From Hammersmith Apollo / 2010","Florence + The Machine","Between Two Lungs","1","17","349293","spotify:user:mmccaff","2015-12-31T21:13:48Z"
"spotify:track:2p7oVpTMwJJ8psRVFApjWC","Swimming - Live From Hammersmith Apollo / 2010","Florence + The Machine","Between Two Lungs","1","18","211000","spotify:user:mmccaff","2015-12-31T21:13:48Z"
"spotify:track:6m6VHNBbOKQ0FEJ4sTsjYG","Dog Days Are Over - Yeasayer Remix","Florence + The Machine","Between Two Lungs","1","19","255773","spotify:user:mmccaff","2015-12-31T21:13:48Z"
"spotify:track:6DejK3GlFmwqsndyZrMNEh","Drumming Song - iTunes Live: London Festival / 2010","Florence + The Machine","Between Two Lungs","1","20","281413","spotify:user:mmccaff","2015-12-31T21:13:48Z"
"spotify:track:3fbXf9OzC2KFztWwExeZ3Y","Girl With One Eye - iTunes Live: London Festival / 2010","Florence + The Machine","Between Two Lungs","1","21","229026","spotify:user:mmccaff","2015-12-31T21:13:48Z"
"spotify:track:1NgTUh9zWAg09wSbtE9HoX","Hurricane Drunk - iTunes Live: London Festival / 2010","Florence + The Machine","Between Two Lungs","1","22","213693","spotify:user:mmccaff","2015-12-31T21:13:48Z"
"spotify:track:6kzPBruU6GBv5umhwL8QZn","Dog Days Are Over - iTunes Live: London Festival / 2010","Florence + The Machine","Between Two Lungs","1","23","255093","spotify:user:mmccaff","2015-12-31T21:13:48Z"
"spotify:track:2U95kukUs8xBehTAzpJP0T","My Boy Builds Coffins - iTunes Live: London Festival / 2010","Florence + The Machine","Between Two Lungs","1","24","167253","spotify:user:mmccaff","2015-12-31T21:13:48Z"
"spotify:track:4nB5QNfBk6GcgH7ZSR5zlM","Hospital Beds - iTunes Live: London Festival / 2010","Florence + The Machine","Between Two Lungs","1","25","137213","spotify:user:mmccaff","2015-12-31T21:13:48Z"
"spotify:track:1jgiCdMQFBa5TGFDkbnRD5","God Put a Smile on Your Face","Mark Ronson, The Daptone Horns","Version","1","1","192493","spotify:user:mmccaff","2015-12-31T21:14:20Z"
"spotify:track:5va39bTnADV0XpH82FNuhu","Oh My God","Mark Ronson, Lily Allen","Version","1","2","215266","spotify:user:mmccaff","2015-12-31T21:14:20Z"
"spotify:track:3KsyOdPzg8nUv8bnr8Bfmh","Stop Me","Mark Ronson, Daniel Merriweather","Version","1","3","234146","spotify:user:mmccaff","2015-12-31T21:14:20Z"
"spotify:track:0rJTwWY2IKaEV4TwOoo7Ia","Toxic - Version Revisited","Mark Ronson, Ol' Dirty Bastard, Tiggers","Version","1","4","245173","spotify:user:mmccaff","2015-12-31T21:14:20Z"
"spotify:track:631U6DaszJisq3TiaQ0vTM","Valerie - Version Revisited","Mark Ronson, Amy Winehouse","Version","1","5","219413","spotify:user:mmccaff","2015-12-31T21:14:20Z"
"spotify:track:7KVUyJKXmBVf0RZpEGPxnQ","Apply Some Pressure","Mark Ronson, Paul Smith","Version","1","6","216666","spotify:user:mmccaff","2015-12-31T21:14:20Z"
"spotify:track:5KN2f0bAJsYgKMlPWVqh3u","Inversion","Mark Ronson","Version","1","7","107226","spotify:user:mmccaff","2015-12-31T21:14:20Z"
"spotify:track:12VAO04fhZc69hJsaD4WTc","Pretty Green","Mark Ronson, Santo Gold","Version","1","8","196680","spotify:user:mmccaff","2015-12-31T21:14:20Z"
"spotify:track:77lxpZLo2kpHeYsA0aSIJV","Just","Mark Ronson, Phantom Planet","Version","1","9","320213","spotify:user:mmccaff","2015-12-31T21:14:20Z"
"spotify:track:55CXW7y8lfoTLIAeXNUszS","Amy","Mark Ronson, Kenna","Version","1","10","212346","spotify:user:mmccaff","2015-12-31T21:14:20Z"
"spotify:track:6bRtaK5h06lZgvRdNSRmV3","The Only One I Know","Mark Ronson, Robbie Williams","Version","1","11","239253","spotify:user:mmccaff","2015-12-31T21:14:20Z"
"spotify:track:683omuSYv2300O4gxM7FZx","Diversion","Mark Ronson","Version","1","12","79266","spotify:user:mmccaff","2015-12-31T21:14:20Z"
"spotify:track:6rpkvUwpLkSPLtKorjoZ56","L.S.F. - Version Revisited","Mark Ronson, Kasabian","Version","1","13","210093","spotify:user:mmccaff","2015-12-31T21:14:20Z"
"spotify:track:1YbSaLVqkIHrhEdb6XLGiU","Outversion","Mark Ronson","Version","1","14","110493","spotify:user:mmccaff","2015-12-31T21:14:20Z"
"spotify:track:44AL9Xok81qGEOZdPQpUnM","Bang Bang Bang","Mark Ronson, The Business Intl","Record Collection","1","1","233626","spotify:user:mmccaff","2015-12-31T21:14:49Z"
"spotify:track:3JpOcTqozit7Eobj7m1DTS","Lose It (In The End)","Mark Ronson, The Business Intl","Record Collection","1","2","145533","spotify:user:mmccaff","2015-12-31T21:14:49Z"
"spotify:track:5vt3kZ9so8g4PGIaRvvcFa","The Bike Song","Mark Ronson, The Business Intl","Record Collection","1","3","263266","spotify:user:mmccaff","2015-12-31T21:14:49Z"
"spotify:track:2Tky1eOpdLXo8yYawnTMcj","Somebody To Love Me","Mark Ronson, The Business Intl","Record Collection","1","4","297933","spotify:user:mmccaff","2015-12-31T21:14:49Z"
"spotify:track:3kXDH7GbWvyr6ijsh3aT8g","You Gave Me Nothing","Mark Ronson, The Business Intl","Record Collection","1","5","240533","spotify:user:mmccaff","2015-12-31T21:14:49Z"
"spotify:track:11xcLmWOHbECi07GEZknxP","The Colour Of Crumar","Mark Ronson, The Business Intl","Record Collection","1","6","88906","spotify:user:mmccaff","2015-12-31T21:14:49Z"
"spotify:track:1ozHpSkGN7mTzd9QPWhkZ9","Glass Mountain Trust","Mark Ronson, The Business Intl","Record Collection","1","7","226146","spotify:user:mmccaff","2015-12-31T21:14:49Z"
"spotify:track:4c6CWC6IE7QFKa2prd9yFo","Circuit Breaker","Mark Ronson, The Business Intl","Record Collection","1","8","264453","spotify:user:mmccaff","2015-12-31T21:14:49Z"
"spotify:track:1Y1EX6eUseY85G9nMePBWO","Introducing The Business","Mark Ronson, The Business Intl","Record Collection","1","9","222306","spotify:user:mmccaff","2015-12-31T21:14:49Z"
"spotify:track:5FTs7Yq1HUPvJDNVoUo11Q","Record Collection","Mark Ronson, The Business Intl","Record Collection","1","10","229773","spotify:user:mmccaff","2015-12-31T21:14:49Z"
"spotify:track:1PxJyirP1K4FqMKGI2Cg1N","Selector","Mark Ronson, The Business Intl","Record Collection","1","11","66200","spotify:user:mmccaff","2015-12-31T21:14:49Z"
"spotify:track:5s7nGP6u2iXgor3wXE2NiI","Hey Boy","Mark Ronson, The Business Intl","Record Collection","1","12","214093","spotify:user:mmccaff","2015-12-31T21:14:49Z"
"spotify:track:2BYHDTVl5WijdxPSSIu8lk","Missing Words","Mark Ronson, The Business Intl","Record Collection","1","13","89693","spotify:user:mmccaff","2015-12-31T21:14:49Z"
"spotify:track:3msEg5smG9jEnPWbVRpwR0","The Night Last Night","Mark Ronson, The Business Intl","Record Collection","1","14","264800","spotify:user:mmccaff","2015-12-31T21:14:49Z"
"spotify:track:50GQrTJ85qG7wSPoGjvuCM","Ballad Of Peter Pumpkinhead - 2001 - Remaster","XTC","Nonsuch","1","1","302000","spotify:user:mmccaff","2015-12-31T21:15:45Z"
"spotify:track:6YZbNUJV4PXFvqFdaPZUKN","My Bird Performs - 2001 - Remaster","XTC","Nonsuch","1","2","231266","spotify:user:mmccaff","2015-12-31T21:15:45Z"
"spotify:track:1X1igWPL8bKKNCGA3E13Ap","Dear Madam Barnum - 2001 - Remaster","XTC","Nonsuch","1","3","168733","spotify:user:mmccaff","2015-12-31T21:15:45Z"
"spotify:track:1cOTw4vIz9fnW53EkkCTyl","Humble Daisy - 2001 - Remaster","XTC","Nonsuch","1","4","216733","spotify:user:mmccaff","2015-12-31T21:15:45Z"
"spotify:track:6Dkz5eZZKW6sBcAA0ezqUO","The Smartest Monkeys - 2001 - Remaster","XTC","Nonsuch","1","5","258160","spotify:user:mmccaff","2015-12-31T21:15:45Z"
"spotify:track:6LLWFGW1jOtCKRaGEBMp7Y","The Disappointed - 2001 - Remaster","XTC","Nonsuch","1","6","203440","spotify:user:mmccaff","2015-12-31T21:15:45Z"
"spotify:track:1uRdfDZhilYU3yI3jKjmcJ","Holly Up On Poppy - 2001 - Remaster","XTC","Nonsuch","1","7","184626","spotify:user:mmccaff","2015-12-31T21:15:45Z"
"spotify:track:1LA3PPtc8GMfcbIXsnhi4s","Crocodile - 2001 - Remaster","XTC","Nonsuch","1","8","236840","spotify:user:mmccaff","2015-12-31T21:15:45Z"
"spotify:track:4lwziDxae64VEmsEXAckPC","Rook - 2001 - Remaster","XTC","Nonsuch","1","9","227466","spotify:user:mmccaff","2015-12-31T21:15:45Z"
"spotify:track:5ZmGOOIPvVWsCsKzcLkcks","Omnibus - 2001 - Remaster","XTC","Nonsuch","1","10","200293","spotify:user:mmccaff","2015-12-31T21:15:45Z"
"spotify:track:3UpOTCPlToU5bn5xpRMP1Q","That Wave - 2001 - Remaster","XTC","Nonsuch","1","11","214000","spotify:user:mmccaff","2015-12-31T21:15:45Z"
"spotify:track:6mBoE4SeqM0zYBKFvPB5Pd","Then She Appeared - 2001 - Remaster","XTC","Nonsuch","1","12","231706","spotify:user:mmccaff","2015-12-31T21:15:45Z"
"spotify:track:6ofBOfo6nNy5rMfxg9Oiul","War Dance - 2001 - Remaster","XTC","Nonsuch","1","13","202693","spotify:user:mmccaff","2015-12-31T21:15:45Z"
"spotify:track:53GopmHHZrD5k3lSVK9GYs","Wrapped In Grey - 2001 - Remaster","XTC","Nonsuch","1","14","226306","spotify:user:mmccaff","2015-12-31T21:15:45Z"
"spotify:track:0hQ4E5pUznKcd1JTNpwdE5","The Ugly Underneath - 2001 - Remaster","XTC","Nonsuch","1","15","230893","spotify:user:mmccaff","2015-12-31T21:15:45Z"
"spotify:track:0xvqbF0m4M5X3bwLBUTD3M","Bungalow - 2001 - Remaster","XTC","Nonsuch","1","16","169173","spotify:user:mmccaff","2015-12-31T21:15:45Z"
"spotify:track:1D2y9CxtB1JfANwrMkNjjE","Books Are Burning - 2001 - Remaster","XTC","Nonsuch","1","17","294200","spotify:user:mmccaff","2015-12-31T21:15:45Z"
"spotify:track:4grZ5z28oJa86yW59L7Kw0","Rattlesnake","St. Vincent","St. Vincent","1","1","214653","spotify:user:mmccaff","2015-12-31T21:16:30Z"
"spotify:track:31WoNmfwgisR09Xo3siDjc","Birth In Reverse","St. Vincent","St. Vincent","1","2","195893","spotify:user:mmccaff","2015-12-31T21:16:30Z"
"spotify:track:7hLWQTGBtKo4pBpJ9CaQo9","Prince Johnny","St. Vincent","St. Vincent","1","3","276626","spotify:user:mmccaff","2015-12-31T21:16:30Z"
"spotify:track:2DDGqc6gRdrXbrcAMcFE2W","Huey Newton","St. Vincent","St. Vincent","1","4","277906","spotify:user:mmccaff","2015-12-31T21:16:30Z"
"spotify:track:5L16tlSHNt93RiiRiCc8ya","Digital Witness","St. Vincent","St. Vincent","1","5","202000","spotify:user:mmccaff","2015-12-31T21:16:30Z"
"spotify:track:6ogfHvi3LY0lRhBJQ6r6CQ","I Prefer Your Love","St. Vincent","St. Vincent","1","6","216133","spotify:user:mmccaff","2015-12-31T21:16:30Z"
"spotify:track:0TWx16aLskabXzhHTTPulV","Regret","St. Vincent","St. Vincent","1","7","201760","spotify:user:mmccaff","2015-12-31T21:16:30Z"
"spotify:track:7jYGtdyVwKrQBxfe2jJ1zM","Bring Me Your Loves","St. Vincent","St. Vincent","1","8","195186","spotify:user:mmccaff","2015-12-31T21:16:30Z"
"spotify:track:7IhcRnLGGJfvw6DaA2T0Ao","Psychopath","St. Vincent","St. Vincent","1","9","212520","spotify:user:mmccaff","2015-12-31T21:16:30Z"
"spotify:track:3nvzHHEOCdvWExEpRIqVtY","Every Tear Disappears","St. Vincent","St. Vincent","1","10","195626","spotify:user:mmccaff","2015-12-31T21:16:30Z"
"spotify:track:4q1bVpENDqMHjyDlxifgAn","Severed Crossed Fingers","St. Vincent","St. Vincent","1","11","222306","spotify:user:mmccaff","2015-12-31T21:16:30Z"
"spotify:track:5H43dazn2x2O9dkDVvaiDS","Black (feat. Norah Jones)","Danger Mouse, Daniele Luppi, Norah Jones","Rome","1","10","211506","spotify:user:mmccaff","2015-12-31T21:16:52Z"
"spotify:track:0ScgmigVOJr2mFsAtwFQmz","Fight Test","The Flaming Lips","Yoshimi Battles The Pink Robots (U.S. Version)","1","1","256720","spotify:user:mmccaff","2015-12-31T21:17:38Z"
"spotify:track:1esrPCrpjJhubSqRtNz5Yw","One More Robot/Sympathy 3000-21","The Flaming Lips","Yoshimi Battles The Pink Robots (U.S. Version)","1","2","299493","spotify:user:mmccaff","2015-12-31T21:17:38Z"
"spotify:track:0ccCwNzXvr1Yoz91vKz31Z","Yoshimi Battles The Pink Robots Part 1","The Flaming Lips","Yoshimi Battles The Pink Robots (U.S. Version)","1","3","287506","spotify:user:mmccaff","2015-12-31T21:17:38Z"
"spotify:track:1tCf9F4e0V7oIP7oPbm5rr","Yoshimi Battles The Pink Robots Part 2","The Flaming Lips","Yoshimi Battles The Pink Robots (U.S. Version)","1","4","177653","spotify:user:mmccaff","2015-12-31T21:17:38Z"
"spotify:track:4ou3f7jaB41isbJkt6CF2b","In The Morning Of The Magicians","The Flaming Lips","Yoshimi Battles The Pink Robots (U.S. Version)","1","5","379240","spotify:user:mmccaff","2015-12-31T21:17:38Z"
"spotify:track:4xTaOn06UiRHkq2ZUjWIqI","Ego Tripping At The Gates Of Hell","The Flaming Lips","Yoshimi Battles The Pink Robots (U.S. Version)","1","6","271466","spotify:user:mmccaff","2015-12-31T21:17:38Z"
"spotify:track:0UQnWjRKEphlQtzeZ83lC2","Are You A Hypnotist??","The Flaming Lips","Yoshimi Battles The Pink Robots (U.S. Version)","1","7","283533","spotify:user:mmccaff","2015-12-31T21:17:38Z"
"spotify:track:4bTXFLSWqZiUrrXD202tVG","It's Summertime","The Flaming Lips","Yoshimi Battles The Pink Robots (U.S. Version)","1","8","260240","spotify:user:mmccaff","2015-12-31T21:17:38Z"
"spotify:track:2DFRFqWNahKtFD112H2iEZ","Do You Realize??","The Flaming Lips","Yoshimi Battles The Pink Robots (U.S. Version)","1","9","213173","spotify:user:mmccaff","2015-12-31T21:17:38Z"
"spotify:track:2cVj88Q5SL5bZa8O2iFrDL","All We Have Is Now","The Flaming Lips","Yoshimi Battles The Pink Robots (U.S. Version)","1","10","233226","spotify:user:mmccaff","2015-12-31T21:17:38Z"
"spotify:track:7zq5lyei1uoskShdtxQO1o","Approaching Pavonis Mons By Balloon [Utopia Planitia]","The Flaming Lips","Yoshimi Battles The Pink Robots (U.S. Version)","1","11","189280","spotify:user:mmccaff","2015-12-31T21:17:38Z"
"spotify:track:6eNYsU7sfgxQHTvILQxbce","Eyes Be Closed","Washed Out","Within and Without","1","1","287666","spotify:user:mmccaff","2015-12-31T21:18:07Z"
"spotify:track:1AydTRSXtmd7ArZF5x0dcD","Echoes","Washed Out","Within and Without","1","2","248200","spotify:user:mmccaff","2015-12-31T21:18:07Z"
"spotify:track:60KqmTYKZzSElJidL2U2o1","Amor Fati","Washed Out","Within and Without","1","3","266093","spotify:user:mmccaff","2015-12-31T21:18:07Z"
"spotify:track:79JDpkcg2mpW5L5Db3zGUM","Soft","Washed Out","Within and Without","1","4","331880","spotify:user:mmccaff","2015-12-31T21:18:07Z"
"spotify:track:6nqBPTvDI5KJCgZGXM4UQ0","Far Away","Washed Out","Within and Without","1","5","240160","spotify:user:mmccaff","2015-12-31T21:18:07Z"
"spotify:track:1BqdhRbDE6mGbYiugML9MK","Before","Washed Out","Within and Without","1","6","286413","spotify:user:mmccaff","2015-12-31T21:18:07Z"
"spotify:track:3xdX5KhZjeD7vf7N2fovle","You and I","Washed Out","Within and Without","1","7","313146","spotify:user:mmccaff","2015-12-31T21:18:07Z"
"spotify:track:5TLAxEHNfizsShWw3o8jet","Within and Without","Washed Out","Within and Without","1","8","212466","spotify:user:mmccaff","2015-12-31T21:18:07Z"
"spotify:track:5qUWzaR16e0R3qkrhigFyz","A Dedication","Washed Out","Within and Without","1","9","257000","spotify:user:mmccaff","2015-12-31T21:18:07Z"
"spotify:track:2LWMF10STZqYY9a3YqBiOG","Reflektor","Arcade Fire","Reflektor","1","1","453949","spotify:user:mmccaff","2015-12-31T21:19:37Z"
"spotify:track:3hDpkvXDbmcrKya8CUS6lN","We Exist","Arcade Fire","Reflektor","1","2","343784","spotify:user:mmccaff","2015-12-31T21:19:37Z"
"spotify:track:3raHRmDxUhjQo0EKrWFTV0","Flashbulb Eyes","Arcade Fire","Reflektor","1","3","162202","spotify:user:mmccaff","2015-12-31T21:19:37Z"
"spotify:track:4mzBH5tCKO6lHqRN3awTJC","Here Comes The Night Time","Arcade Fire","Reflektor","1","4","390818","spotify:user:mmccaff","2015-12-31T21:19:37Z"
"spotify:track:3KMhWFbexTo20tH3hwK61K","Normal Person","Arcade Fire","Reflektor","1","5","262363","spotify:user:mmccaff","2015-12-31T21:19:37Z"
"spotify:track:0lijVPETlmWEPFzGXMjhDs","You Already Know","Arcade Fire","Reflektor","1","6","239065","spotify:user:mmccaff","2015-12-31T21:19:37Z"
"spotify:track:2vM2x66y8JcDARNarbrw9F","Joan Of Arc","Arcade Fire","Reflektor","1","7","324496","spotify:user:mmccaff","2015-12-31T21:19:37Z"
"spotify:track:7zIgrNq7doluy1dMdTli3u","Here Comes The Night Time II","Arcade Fire","Reflektor","2","1","171620","spotify:user:mmccaff","2015-12-31T21:19:37Z"
"spotify:track:53849j8C8EO07O1gCdzgTr","Awful Sound (Oh Eurydice)","Arcade Fire","Reflektor","2","2","373881","spotify:user:mmccaff","2015-12-31T21:19:37Z"
"spotify:track:0MWnFXte9zokisZDWZG0gR","It’s Never Over (Hey Orpheus)","Arcade Fire","Reflektor","2","3","402809","spotify:user:mmccaff","2015-12-31T21:19:37Z"
"spotify:track:4ld9QYEpwDD3m8gGfUn19Z","Porno","Arcade Fire","Reflektor","2","4","362839","spotify:user:mmccaff","2015-12-31T21:19:37Z"
"spotify:track:6D43oUO6nImERk2psfXdNY","Afterlife","Arcade Fire","Reflektor","2","5","352754","spotify:user:mmccaff","2015-12-31T21:19:37Z"
"spotify:track:25r99eqlm3lHGnZHoeg7YX","Supersymmetry","Arcade Fire","Reflektor","2","6","676857","spotify:user:mmccaff","2015-12-31T21:19:37Z"
"spotify:track:09SacYi94Omp2GRbppSwdi","Caméleon Chameleon - Instrumental","Escort","Escort (The Instrumentals)","1","1","326424","spotify:user:mmccaff","2015-12-31T21:20:18Z"
"spotify:track:5W70QNAV8scMvIOXTnye6U","Cocaine Blues - Instrumental","Escort","Escort (The Instrumentals)","1","2","249044","spotify:user:mmccaff","2015-12-31T21:20:18Z"
"spotify:track:4Q763jKKZRlS1SVWZbZOK5","Makeover - Instrumental","Escort","Escort (The Instrumentals)","1","3","247418","spotify:user:mmccaff","2015-12-31T21:20:18Z"
"spotify:track:5TplJYXhrup80XTIi54gH9","A Sailboat in the Moonlight - Instrumental","Escort","Escort (The Instrumentals)","1","4","258900","spotify:user:mmccaff","2015-12-31T21:20:18Z"
"spotify:track:3WpgBd3RRq6xdKH0vYzXLD","Why Oh Why - Instrumental","Escort","Escort (The Instrumentals)","1","5","234357","spotify:user:mmccaff","2015-12-31T21:20:18Z"
"spotify:track:3J0r1ojvrM2spLi4Z4MXJ4","Starlight - Instrumental","Escort","Escort (The Instrumentals)","1","6","276977","spotify:user:mmccaff","2015-12-31T21:20:18Z"
"spotify:track:2yt2MCv6N7DJhtsBq21DdN","A Bright New Life - Instrumental","Escort","Escort (The Instrumentals)","1","7","353173","spotify:user:mmccaff","2015-12-31T21:20:18Z"
"spotify:track:7CuL0c42C0NWpsVnycGYd1","All Through the Night - Instrumental","Escort","Escort (The Instrumentals)","1","8","255824","spotify:user:mmccaff","2015-12-31T21:20:18Z"
"spotify:track:0qwnWLl4u2CXnFaulGG8nI","Love in Indigo - Instrumental","Escort","Escort (The Instrumentals)","1","9","209036","spotify:user:mmccaff","2015-12-31T21:20:18Z"
"spotify:track:6cV6E5j8EzR6wzA7XoW3Tr","All That She Is - Instrumental","Escort","Escort (The Instrumentals)","1","10","282411","spotify:user:mmccaff","2015-12-31T21:20:18Z"
"spotify:track:6FMC7KOtpG7b88pRfIetg1","Karawane - Instrumental","Escort","Escort (The Instrumentals)","1","11","457721","spotify:user:mmccaff","2015-12-31T21:20:18Z"
"spotify:track:2LFBnsESOWCzyzUdY2WgzR","Why Oh Why - Pound Sterling Instrumental","Escort","Escort (The Instrumentals)","1","12","319798","spotify:user:mmccaff","2015-12-31T21:20:18Z"
"spotify:track:2k1erWqdB28heZ4V4qB9Eg","Upside Down & Inside Out","OK Go","Hungry Ghosts","1","1","187866","spotify:user:mmccaff","2015-12-31T21:24:04Z"
"spotify:track:5HKnWZRsDyGIrb6obvD0Yq","The Writing's on the Wall","OK Go","Hungry Ghosts","1","2","214706","spotify:user:mmccaff","2015-12-31T21:24:04Z"
"spotify:track:0T4kJ1M2S90Bqe9Ss80CvO","Another Set of Issues","OK Go","Hungry Ghosts","1","3","237544","spotify:user:mmccaff","2015-12-31T21:24:04Z"
"spotify:track:06QooyUa24W60Y4w8SgDwD","Turn up the Radio","OK Go","Hungry Ghosts","1","4","177360","spotify:user:mmccaff","2015-12-31T21:24:04Z"
"spotify:track:7dQBTxC0TpPpFr5INaBNcD","Obsession","OK Go","Hungry Ghosts","1","5","188057","spotify:user:mmccaff","2015-12-31T21:24:04Z"
"spotify:track:2XhhYP6z2bLKBcpqFBHRys","I'm Not Through","OK Go","Hungry Ghosts","1","6","216285","spotify:user:mmccaff","2015-12-31T21:24:04Z"
"spotify:track:6nXru1uf2WROFwbpeS2aUj","Bright as Your Eyes","OK Go","Hungry Ghosts","1","7","174814","spotify:user:mmccaff","2015-12-31T21:24:04Z"
"spotify:track:2xHlwGuBr9RXu8nlawDUka","I Won't Let You Down","OK Go","Hungry Ghosts","1","8","222440","spotify:user:mmccaff","2015-12-31T21:24:04Z"
"spotify:track:3SFGlS414TwLQ8PLZxSp9T","The One Moment","OK Go","Hungry Ghosts","1","9","223840","spotify:user:mmccaff","2015-12-31T21:24:04Z"
"spotify:track:4Uvp7grij9KEdR5Xs9LQxN","If I Had a Mountain","OK Go","Hungry Ghosts","1","10","199114","spotify:user:mmccaff","2015-12-31T21:24:04Z"
"spotify:track:5M8Nyolg5zKyIw0OD0wBC7","The Great Fire","OK Go","Hungry Ghosts","1","11","256623","spotify:user:mmccaff","2015-12-31T21:24:04Z"
"spotify:track:6KmuIwJzMV3puxHQnxTQNE","Lullaby","OK Go","Hungry Ghosts","1","12","234707","spotify:user:mmccaff","2015-12-31T21:24:04Z"
"spotify:track:4eyl6CaFdDW0jWAQiYyP6E","Familiarity","Punch Brothers","The Phosphorescent Blues","1","1","622973","spotify:user:mmccaff","2015-12-31T21:24:33Z"
"spotify:track:5a4ZTEMp6wULHTEzJclKxt","Julep","Punch Brothers","The Phosphorescent Blues","1","2","326493","spotify:user:mmccaff","2015-12-31T21:24:33Z"
"spotify:track:3TIzlAcIwj0O4NbmRg6nwh","Passepied (Debussy)","Punch Brothers","The Phosphorescent Blues","1","3","209600","spotify:user:mmccaff","2015-12-31T21:24:33Z"
"spotify:track:3P5aoR3zhCPJima7HpbssW","I Blew It Off","Punch Brothers","The Phosphorescent Blues","1","4","186520","spotify:user:mmccaff","2015-12-31T21:24:33Z"
"spotify:track:3BD7KEWfDPCitssI86LCdf","Magnet","Punch Brothers","The Phosphorescent Blues","1","5","193533","spotify:user:mmccaff","2015-12-31T21:24:33Z"
"spotify:track:4BJR7M2REDNVdhpHDfBBU5","My Oh My","Punch Brothers","The Phosphorescent Blues","1","6","258853","spotify:user:mmccaff","2015-12-31T21:24:33Z"
"spotify:track:4BG1TZt84QHZTKzOcAQJW4","Prélude (Scriabin)","Punch Brothers","The Phosphorescent Blues","1","8","57586","spotify:user:mmccaff","2015-12-31T21:24:33Z"
"spotify:track:5ThoiwUqwVYkS411dbEhIV","Forgotten","Punch Brothers","The Phosphorescent Blues","1","9","257320","spotify:user:mmccaff","2015-12-31T21:24:33Z"
"spotify:track:0A5RLwavVt9ZmvZ5NGoS2B","Between 1st and A","Punch Brothers","The Phosphorescent Blues","1","10","255413","spotify:user:mmccaff","2015-12-31T21:24:33Z"
"spotify:track:2DnsARJoPtpYR4es2j7kBQ","Little Lights","Punch Brothers","The Phosphorescent Blues","1","11","282106","spotify:user:mmccaff","2015-12-31T21:24:33Z"
